{
    "acc": [
        0.9211932479627474,
        0.949965075669383,
        0.9616996507566938,
        0.9692491268917346,
        0.9751600698486612,
        0.9803346915017462,
        0.9834691501746217,
        0.9859982537834692,
        0.9875960419091967,
        0.9886641443538999
    ],
    "loss": [
        0.24660201355259825,
        0.15283087906242285,
        0.11633601314430499,
        0.09157306980847991,
        0.0728969239016192,
        0.058718553103164504,
        0.048792746564965545,
        0.04155708467328901,
        0.036790472695426846,
        0.033649044484588955
    ],
    "val_acc": [
        0.9382276304287968,
        0.9475184895836385,
        0.944947930816103,
        0.9509225059720472,
        0.9484747725381141,
        0.950168007494204,
        0.9500802751130595,
        0.9492204977778428,
        0.9483344007282828,
        0.9498872638745415
    ],
    "val_loss": [
        0.19072278106160218,
        0.16283137714609833,
        0.176637676495455,
        0.16022422093535751,
        0.17839878888072655,
        0.18576928931912032,
        0.1917159427625764,
        0.2070261351439074,
        0.22858510134740198,
        0.2272891490679617
    ]
}