{
    "acc": [
        0.9001984508034057,
        0.9220571375363003,
        0.9264277109499358,
        0.9288894320610183,
        0.9304200057032782,
        0.9316130383937614,
        0.9328846366501878,
        0.9335015218469126,
        0.934173693922964,
        0.9345723414284967
    ],
    "loss": [
        0.29354287815299385,
        0.21442927457697686,
        0.19773298964302338,
        0.18889296872966138,
        0.18286405465967628,
        0.1782996691999821,
        0.1749843251307674,
        0.1720826324614988,
        0.16955413162453348,
        0.16767734377355759
    ],
    "val_acc": [
        0.9156520746833332,
        0.9236927344387778,
        0.9252727767487996,
        0.9241316350804505,
        0.9281519649581728,
        0.928599643612679,
        0.9282485230993408,
        0.928889318036183,
        0.9296442271398601,
        0.9265192545711501
    ],
    "val_loss": [
        0.23047652271774663,
        0.21089002132249568,
        0.204941586876968,
        0.2010463041469106,
        0.1945371854061425,
        0.1958138828037994,
        0.1958103535477263,
        0.19383811044123583,
        0.19634618584213684,
        0.19636535221486262
    ]
}