{
    "acc": [
        0.9170842281078502,
        0.9475298403667534,
        0.9588141837037555,
        0.9663215601389645,
        0.9719579121345974,
        0.9766398379803412,
        0.9801112721220269,
        0.982811599769541,
        0.9846244274898011,
        0.9862452060454749
    ],
    "loss": [
        0.26074478140831137,
        0.15947067494761555,
        0.12322218440622,
        0.09814672682746849,
        0.08095979807019654,
        0.06693745218760545,
        0.056606724769342316,
        0.049392801122414516,
        0.043692669676845076,
        0.03932587051375872
    ],
    "val_acc": [
        0.9367631955477919,
        0.9421616734403666,
        0.9431623669033804,
        0.9454358722272452,
        0.9438821639557237,
        0.945567542419747,
        0.9438646079300568,
        0.9449530815214052,
        0.9449530815214052,
        0.9432062569675477
    ],
    "val_loss": [
        0.1926333212118325,
        0.1795952977602265,
        0.17795121339064385,
        0.18339077739765075,
        0.20431103527297023,
        0.20653945949545688,
        0.2349376481184424,
        0.2544032766831317,
        0.2700947407653512,
        0.2808252531719889
    ]
}