{
    "acc": [
        0.9298904155827529,
        0.9544377906198532,
        0.9628472161600643,
        0.9682304124401301,
        0.9721063137617776,
        0.9752023790817722,
        0.9771723379366936,
        0.9791335672855214,
        0.9805448376616467,
        0.9814352474261154
    ],
    "loss": [
        0.221428830821495,
        0.1376685085781615,
        0.11079790041453841,
        0.0926383524173247,
        0.08056304085161246,
        0.07152768996613945,
        0.0650133549035456,
        0.0599654940669886,
        0.055739790481481255,
        0.05276797428951186
    ],
    "val_acc": [
        0.9466735720367623,
        0.9509045742224875,
        0.9518174875571668,
        0.9539242106371959,
        0.9506939019144846,
        0.9524846165325094,
        0.9538452085216949,
        0.9525372846095101,
        0.9537047603163595,
        0.9523705023656744
    ],
    "val_loss": [
        0.16529270394421547,
        0.1480283913891845,
        0.1517493361094407,
        0.15364812181550694,
        0.1785521320888382,
        0.18228529917823857,
        0.18433553913497108,
        0.1992317071677043,
        0.20432474058796674,
        0.21897929306807792
    ]
}