{
    "acc": [
        0.9029657046766766,
        0.920980498280287,
        0.9268991043528793,
        0.9293142680889944,
        0.9316974236313588,
        0.933338571037822,
        0.9347963987871805,
        0.9363269724322154,
        0.936149472448152,
        0.9374530788986761
    ],
    "loss": [
        0.2859315072516851,
        0.21990708543300644,
        0.20003807454476233,
        0.18848607732933592,
        0.1807370656159355,
        0.17485575915527332,
        0.16993844697876506,
        0.16619070619291595,
        0.1633640137489321,
        0.1606207243147054
    ],
    "val_acc": [
        0.9148883875668227,
        0.9213138929609115,
        0.9271863835464927,
        0.9274497239314964,
        0.9271249374566586,
        0.928099296881172,
        0.9284504173945103,
        0.9261066879679778,
        0.9277393983550004,
        0.9300567937430324
    ],
    "val_loss": [
        0.24176116546497978,
        0.2100694432980941,
        0.20229203433335605,
        0.19355336473104937,
        0.19484341527604163,
        0.18976227691755226,
        0.18815637809973532,
        0.19637145997395586,
        0.18725797402133423,
        0.19243654163147514
    ]
}