{
    "acc": [
        0.9187137361723927,
        0.9507219302690412,
        0.9629868882797633,
        0.9715243465967119,
        0.9773847559520692,
        0.9813421326782619,
        0.984016271801945,
        0.985782542148972,
        0.9877059436306603,
        0.9886778287968992
    ],
    "loss": [
        0.2541681695075735,
        0.14927386752005387,
        0.10915296519423263,
        0.08300332133420753,
        0.06490942280197959,
        0.053605915445547284,
        0.045399161171353994,
        0.040751170865567246,
        0.03589201774932455,
        0.03334909256115617
    ],
    "val_acc": [
        0.9385012420888159,
        0.9421528954275331,
        0.9453129800475768,
        0.9462785614592568,
        0.9447511872262357,
        0.9440050561353921,
        0.9441367263278939,
        0.9441981724177281,
        0.9448301893417368,
        0.9458221047919172
    ],
    "val_loss": [
        0.18962262907007574,
        0.1765555434107414,
        0.17409117680151204,
        0.18883323516001352,
        0.21277146715315784,
        0.2422541378208206,
        0.25469959530990616,
        0.2717497858655514,
        0.28424082653697635,
        0.3107805452655197
    ]
}