{
    "acc": [
        0.9220600473721272,
        0.949939184432602,
        0.9603942245578504,
        0.9674913141400562,
        0.9728512317335056,
        0.9770559445036111,
        0.9806874196157853,
        0.9833208210406644,
        0.985622501179871,
        0.9870803289292294
    ],
    "loss": [
        0.24429691873960876,
        0.1529335061986633,
        0.12010251798919244,
        0.09792603227825698,
        0.08107003824247992,
        0.06798389070048304,
        0.05789125757611557,
        0.04972429769307777,
        0.04364731027417028,
        0.038866191097295485
    ],
    "val_acc": [
        0.9392210391411592,
        0.9457431026764161,
        0.9468754663319318,
        0.9495176481948017,
        0.949543982233302,
        0.9487276270397907,
        0.9475864853714416,
        0.9488944092836263,
        0.9456816565865819,
        0.9476830435126096
    ],
    "val_loss": [
        0.18764080995564633,
        0.16662757136643655,
        0.16416461822545936,
        0.15986967679389832,
        0.16904922189653648,
        0.17719427898354334,
        0.19041509932711792,
        0.1902853092785851,
        0.2137226999747318,
        0.21232001201540954
    ]
}