{
    "acc": [
        0.9219582031195676,
        0.9456384470802033,
        0.9556657413388736,
        0.9620790195017197,
        0.9669035273043771,
        0.9709918466400126,
        0.9740646332747782,
        0.9767853297716943,
        0.9786359853590937,
        0.9804517229137932
    ],
    "loss": [
        0.24591051523401194,
        0.16675800884564204,
        0.1352191801432511,
        0.11509909184119826,
        0.0985005598217888,
        0.08608781511949543,
        0.07671295077487161,
        0.06924153692722203,
        0.0635364768834808,
        0.05893638348697498
    ],
    "val_acc": [
        0.9392649292053264,
        0.948560844795955,
        0.944891635431571,
        0.9510186883893225,
        0.9520544939036701,
        0.9515014790951625,
        0.9505622317219827,
        0.9487364050526241,
        0.9522915002501734,
        0.9513961429411609
    ],
    "val_loss": [
        0.1882474506401153,
        0.1575859497615447,
        0.16805424336562605,
        0.15691820180815624,
        0.16034860022964198,
        0.17073426528386806,
        0.1707305789253871,
        0.18336421758065755,
        0.18326183903007948,
        0.18760590522156978
    ]
}