{
    "acc": [
        0.9182743509625063,
        0.948574471428322,
        0.9600130360645053,
        0.967828855097383,
        0.973427379227264,
        0.9779143460725945,
        0.9814818047965734,
        0.9842519685053245,
        0.9860298781956598,
        0.9875604518406947
    ],
    "loss": [
        0.25553970948031557,
        0.15663013028901682,
        0.12094539922956564,
        0.09705207120193425,
        0.07942813423711732,
        0.06620854663753652,
        0.055568976296278626,
        0.04767493911404492,
        0.04179208041716985,
        0.03720815734819968
    ],
    "val_acc": [
        0.9353587134944391,
        0.9444527347898982,
        0.9462346713950895,
        0.9471036946656016,
        0.9461995593437558,
        0.9428990265183768,
        0.945857216843251,
        0.9427673563258749,
        0.9438909419685572,
        0.9436539356220539
    ],
    "val_loss": [
        0.19708853844990062,
        0.17210997233917794,
        0.17034767492535322,
        0.17527480199334958,
        0.1844570666781459,
        0.20119346135866292,
        0.20111786883567007,
        0.2240350865706185,
        0.2329215419194542,
        0.23900990514828432
    ]
}