{
    "acc": [
        0.9213122195645722,
        0.9465928732314799,
        0.9542341021119588,
        0.9583835280027376,
        0.9615203310243112,
        0.9641711914641528,
        0.9658472568977658,
        0.9678841419767097,
        0.9694816418471546,
        0.9706688548632086
    ],
    "loss": [
        0.251132823008101,
        0.16341757527717393,
        0.13963911585976027,
        0.12485957009321762,
        0.11408704582749166,
        0.10574500020221919,
        0.09940284549808016,
        0.09406543126495392,
        0.08877595883569364,
        0.0848191705635547
    ],
    "val_acc": [
        0.9369036437531272,
        0.9454183162015782,
        0.9490348574889617,
        0.9499214367851406,
        0.9482360583211172,
        0.949930214797974,
        0.9506324558246504,
        0.9485959568472889,
        0.9492191957584643,
        0.9477971576794445
    ],
    "val_loss": [
        0.1956729469242546,
        0.16822873351493167,
        0.1609499630592578,
        0.15714616530672085,
        0.16144704575496135,
        0.16655195310735307,
        0.16382023769990464,
        0.17836415885478865,
        0.177198882334369,
        0.18457511932688572
    ]
}