{
    "acc": [
        0.924507219305462,
        0.9534659054536143,
        0.963993691475927,
        0.9708550843561407,
        0.9768406166524085,
        0.9805419278258196,
        0.9831549603971343,
        0.9850550831922062,
        0.9866700420762261,
        0.9875604518393072
    ],
    "loss": [
        0.2370883714902831,
        0.14078646402015224,
        0.1067933320729192,
        0.08364134096852703,
        0.06644083211481103,
        0.055711124764498354,
        0.04798851891607221,
        0.04247977009252185,
        0.03790704566561028,
        0.035740090850626724
    ],
    "val_acc": [
        0.9427322442745412,
        0.9471826967811027,
        0.9477005995382766,
        0.9471914747939362,
        0.949543982233302,
        0.9497283205028045,
        0.9499565488364744,
        0.9490787475531289,
        0.9490787475531289,
        0.9481131661414489
    ],
    "val_loss": [
        0.1755109035174085,
        0.16088039789830336,
        0.16736634252496332,
        0.17794320779672954,
        0.19139668489845343,
        0.21529755894285257,
        0.22782688687621905,
        0.24219377193160446,
        0.2586034717897004,
        0.2713288716441791
    ]
}