{
    "acc": [
        0.9186642689619452,
        0.9465230371716303,
        0.9559479954140987,
        0.9627511915781181,
        0.9679976255739651,
        0.9722896334188825,
        0.9753478708731254,
        0.9781733214612032,
        0.9803207803029629,
        0.9821132391724335
    ],
    "loss": [
        0.2602044588771552,
        0.16443294013783633,
        0.13395648548528666,
        0.11308712558075323,
        0.09729360286131443,
        0.08477510568375855,
        0.07493134508428469,
        0.06646600259886974,
        0.059891269877629355,
        0.05404927452105064
    ],
    "val_acc": [
        0.937035313945629,
        0.9413892083110226,
        0.9436539356220539,
        0.9439436100455579,
        0.9419948911965309,
        0.9427059102360408,
        0.9426005740820393,
        0.9415296565163578,
        0.9404411829250094,
        0.9414769884393571
    ],
    "val_loss": [
        0.19508520223236564,
        0.1814498515909734,
        0.17348146197770106,
        0.18058617782283715,
        0.18880077248538757,
        0.19474670674724603,
        0.20287042175138004,
        0.20929618300171657,
        0.22055897495903135,
        0.2267808020512334
    ]
}