{
    "acc": [
        0.9192753344884034,
        0.9469216846788974,
        0.9587705361663494,
        0.9669500846765694,
        0.9727813956750436,
        0.9780802067175122,
        0.9812839359603331,
        0.9836816406818327,
        0.9852675012075819,
        0.9867398781374631
    ],
    "loss": [
        0.25528347070516655,
        0.1635813911533118,
        0.12592575644325193,
        0.09962710421092777,
        0.08073888110016963,
        0.06538386541132069,
        0.056043093187423704,
        0.048306720304205596,
        0.043700772106721984,
        0.03955133266634006
    ],
    "val_acc": [
        0.930320134128036,
        0.9459625529972525,
        0.9463136735105907,
        0.9473407010121049,
        0.9488768532579595,
        0.9468315762677645,
        0.9505358976834825,
        0.9464453437030925,
        0.9488505192194591,
        0.9475513733201077
    ],
    "val_loss": [
        0.20920664155730923,
        0.16819594808058835,
        0.17618245683147105,
        0.18007089225486586,
        0.1772627549103007,
        0.19580841429960408,
        0.19752482098178606,
        0.22215924416460078,
        0.2299634064753747,
        0.2444410979379156
    ]
}