{
    "acc": [
        0.9145323020902912,
        0.9455947995414099,
        0.9580023395093925,
        0.9664437732423137,
        0.9725195104492205,
        0.977099592041017,
        0.9804691819287555,
        0.9830269276207436,
        0.984295616041343,
        0.985738894611566
    ],
    "loss": [
        0.26803853470621836,
        0.1667621863890575,
        0.12728678582360842,
        0.10080737537785503,
        0.08221141458507429,
        0.06772252362641906,
        0.05842793236054088,
        0.050582583810417484,
        0.04631387578347885,
        0.042216766925230464
    ],
    "val_acc": [
        0.9341736817619227,
        0.9437504937632218,
        0.9432150349803812,
        0.944312286584563,
        0.9448828574187376,
        0.9452427559449091,
        0.9448565233802372,
        0.9472968109479376,
        0.9457431026764161,
        0.9458923288945849
    ],
    "val_loss": [
        0.20671893783842984,
        0.17503849189194498,
        0.1837142499986021,
        0.1981133679377396,
        0.196794806551911,
        0.20977195900678247,
        0.2223794298485986,
        0.22789262308739566,
        0.2411603766663318,
        0.24332007026715827
    ]
}