{
    "acc": [
        0.9210503343401365,
        0.9497704139546322,
        0.9593612328392432,
        0.9656290192107362,
        0.9709889368055731,
        0.97533332169399,
        0.9781093050730078,
        0.9805011901228533,
        0.982671927649842,
        0.9842345094889746
    ],
    "loss": [
        0.24919026943414163,
        0.15418474734494508,
        0.12173532991388834,
        0.10074116516651761,
        0.084017381395897,
        0.07155682123466683,
        0.06198291101578796,
        0.05505715482833258,
        0.04914935096443924,
        0.04469446511636961
    ],
    "val_acc": [
        0.9392034831154923,
        0.9454358722272452,
        0.9488505192194591,
        0.9455763204325804,
        0.9488944092836263,
        0.9472704769094372,
        0.9490436355017952,
        0.9488329631937922,
        0.947323144986438,
        0.9488768532579595
    ],
    "val_loss": [
        0.18547166469491141,
        0.16841008124757592,
        0.16125767409576242,
        0.17822266865136133,
        0.17957176618062184,
        0.1913976222198952,
        0.20708061776661807,
        0.22360879119502158,
        0.23691918470418993,
        0.23980394039626962
    ]
}