{
    "acc": [
        0.9253918093955015,
        0.9509547171348592,
        0.9589189377935297,
        0.9639820521340062,
        0.9673487321845301,
        0.9705291827435096,
        0.9729588956591069,
        0.9750248790977089,
        0.9765379937263939,
        0.978214059162782
    ],
    "loss": [
        0.23566143864863118,
        0.14935927468064797,
        0.12359061868890564,
        0.1068805472110854,
        0.09454331505785299,
        0.08517344440394087,
        0.07716514054360514,
        0.07109526405350959,
        0.06672048449782728,
        0.06235668121700632
    ],
    "val_acc": [
        0.941898333055363,
        0.9469369124217659,
        0.9502550012728118,
        0.9517384854416657,
        0.9509221302481544,
        0.9511679146074912,
        0.9489207433221267,
        0.951203026658825,
        0.9501057750546431,
        0.9517209294159988
    ],
    "val_loss": [
        0.17833407408526655,
        0.15770824212630985,
        0.15342140329426326,
        0.15319492143767657,
        0.16413292285691994,
        0.16702295071568135,
        0.1816478625782225,
        0.18481697065590844,
        0.2039744518845204,
        0.20018297310945013
    ]
}