{
    "acc": [
        0.9196012360982594,
        0.9522583235853833,
        0.9652332815382556,
        0.9736310677351584,
        0.9793605344786447,
        0.9827592227246539,
        0.985226763506003,
        0.9870686895859212,
        0.9881453288405468,
        0.9891812303949811
    ],
    "loss": [
        0.2491814369216932,
        0.14352433811152013,
        0.10270964145692278,
        0.0761448207809461,
        0.05982344579626533,
        0.04984877017963748,
        0.042654601447225486,
        0.03828317961613287,
        0.03518678819140656,
        0.03245428710544839
    ],
    "val_acc": [
        0.9380798974728101,
        0.9447336312005689,
        0.9451023077395739,
        0.9464277876774256,
        0.9488944092836263,
        0.946726240113763,
        0.946919356396099,
        0.9464014536389252,
        0.948560844795955,
        0.9475864853714416
    ],
    "val_loss": [
        0.1871461024627891,
        0.17403251694957395,
        0.18191782522477584,
        0.19792868379943887,
        0.21156705419464206,
        0.23803223694346748,
        0.2632441162129431,
        0.2919822382013837,
        0.2901424091377447,
        0.31819736562237405
    ]
}