{
    "acc": [
        0.9104177942297841,
        0.9280688583550116,
        0.9322677514551974,
        0.9348691446842445,
        0.9362920544036781,
        0.9374152510315368,
        0.9384569722576253,
        0.9391727918738577,
        0.9394695951271774,
        0.9398798819784464
    ],
    "loss": [
        0.2565939060296918,
        0.19161504870160354,
        0.17655588345920015,
        0.16794479606974225,
        0.1621757544978044,
        0.15896421833367239,
        0.15610655161428247,
        0.15453424910794517,
        0.15327857556884913,
        0.15240514342693914
    ],
    "val_acc": [
        0.9263524723273145,
        0.9289507641260172,
        0.9306361425900405,
        0.9311716013728812,
        0.9318211743225568,
        0.932093292720394,
        0.9307678127825423,
        0.9321459607973946,
        0.9307941468210427,
        0.9327340876572362
    ],
    "val_loss": [
        0.20380933857128156,
        0.193563838302821,
        0.18479057984078798,
        0.18726975529380885,
        0.18726878796115204,
        0.18788017803047488,
        0.1890930729040243,
        0.1937082989353883,
        0.19252868275163185,
        0.19260932310794915
    ]
}