{
    "acc": [
        0.914639966014505,
        0.9430195948344594,
        0.9520168072117371,
        0.9578510280449977,
        0.9627773801002147,
        0.966595084705321,
        0.9695049205323836,
        0.9729559858232798,
        0.9748735676333141,
        0.9770850428632692
    ],
    "loss": [
        0.2726201291043004,
        0.17598520438306686,
        0.14507406168582668,
        0.125319862741482,
        0.11046109142082638,
        0.09809558583155986,
        0.08847397265268725,
        0.07956518244044104,
        0.07257412970324455,
        0.06638839584813142
    ],
    "val_acc": [
        0.9310574872060463,
        0.9350865950966021,
        0.9423021216457018,
        0.9423723457483695,
        0.9410731998490182,
        0.9391508150384916,
        0.9423723457483695,
        0.9427410222873746,
        0.9397916099753337,
        0.9400022822833367
    ],
    "val_loss": [
        0.21337868439992816,
        0.19785408335315882,
        0.181270908759879,
        0.18364762366718598,
        0.1913407523613279,
        0.20453228842265356,
        0.20073944072879968,
        0.21710789605881978,
        0.2342772905487945,
        0.24503358179330662
    ]
}