{
    "acc": [
        0.917564351020703,
        0.9482572993231722,
        0.9605077081551059,
        0.9687425435456931,
        0.9750190594246673,
        0.9797766410033022,
        0.9823489358730381,
        0.9850027061473192,
        0.9866234847029931,
        0.987694304287352
    ],
    "loss": [
        0.25783519201918237,
        0.15765340787881268,
        0.11962763785133829,
        0.09404243985298358,
        0.07469234130636208,
        0.06071482898673311,
        0.05208183923689001,
        0.04495443268435402,
        0.039910421932920465,
        0.035974790323644375
    ],
    "val_acc": [
        0.9349988149682675,
        0.9424864599152044,
        0.9466823500495958,
        0.9453129800475768,
        0.9438821639557237,
        0.947112472678435,
        0.9426269081205396,
        0.9458045487662503,
        0.9452164219064089,
        0.9435047094038852
    ],
    "val_loss": [
        0.19689450468809078,
        0.1774769319702279,
        0.16959154273975793,
        0.18110667672565497,
        0.1960970148953681,
        0.19376298993181268,
        0.22008216658648241,
        0.21878471011957734,
        0.23022622085621058,
        0.2503682776642624
    ]
}