{
    "acc": [
        0.9005883688042321,
        0.9203694327579914,
        0.9257991864099028,
        0.9284063993123384,
        0.9303850876733535,
        0.9314384482430971,
        0.9325616448719963,
        0.9332279972763937,
        0.9342522594902948,
        0.934476316847938
    ],
    "loss": [
        0.2929433602976617,
        0.2201392535531106,
        0.20195383189875635,
        0.19212472166029498,
        0.18515449361015798,
        0.18047404571453726,
        0.17623285507568087,
        0.172796099031548,
        0.17020655852843897,
        0.1678712238315683
    ],
    "val_acc": [
        0.9172847850703558,
        0.9225340367447618,
        0.9264226964299822,
        0.9265807006609844,
        0.9266772588021523,
        0.9265631446353174,
        0.9270020452769901,
        0.9281782989966731,
        0.9297495632938615,
        0.9304605823333714
    ],
    "val_loss": [
        0.2325555250103653,
        0.2128216630255189,
        0.2021375363732842,
        0.19809063253993625,
        0.19682163031781263,
        0.19472399141404226,
        0.1927617812398888,
        0.1943464311438905,
        0.19230770738450115,
        0.1910294170722708
    ]
}