{
    "acc": [
        0.9028813194359574,
        0.9202734081760452,
        0.9264277109499358,
        0.9296372598657984,
        0.9320582432739145,
        0.9335626283978934,
        0.9351775872819131,
        0.9359021364042392,
        0.936984595330519,
        0.9377062346156306
    ],
    "loss": [
        0.28530189000639977,
        0.22452600008670967,
        0.2025250135922324,
        0.19040842743404254,
        0.18200341872384856,
        0.17602839273748466,
        0.1710196880378021,
        0.16736301487637104,
        0.16428132772657122,
        0.16194601611192172
    ],
    "val_acc": [
        0.9152395080801609,
        0.9220249120004214,
        0.926457808481316,
        0.926343694314481,
        0.9268089289946542,
        0.9308117028467096,
        0.9296091150885263,
        0.9302674660510354,
        0.9310750432317132,
        0.9315578339375532
    ],
    "val_loss": [
        0.23917099925850827,
        0.21191354543685076,
        0.20542788745477197,
        0.19538209847552554,
        0.20334627296186167,
        0.19012047330217763,
        0.19060270756888428,
        0.1933470101055099,
        0.19057710389113705,
        0.1961308849477762
    ]
}