{
    "acc": [
        0.9236313587187411,
        0.9476986108443761,
        0.954661847978537,
        0.9591051672864617,
        0.962695904697057,
        0.9652827487473157,
        0.9675175026638873,
        0.9690917238449407,
        0.9706513958496338,
        0.9722459858814766
    ],
    "loss": [
        0.24489783983947302,
        0.16208998305523692,
        0.13906060146064536,
        0.12489032356104036,
        0.11397293144758269,
        0.10512280890747652,
        0.09815574877965805,
        0.09223788357632831,
        0.08736596005406094,
        0.082732793303281
    ],
    "val_acc": [
        0.9391244809999912,
        0.9453656481245776,
        0.9479551619104467,
        0.950895796209654,
        0.9493508659509661,
        0.950334003388313,
        0.9499477708236409,
        0.9504920076193152,
        0.9493333099252991,
        0.9481307221671158
    ],
    "val_loss": [
        0.18775740321607853,
        0.16632871848425135,
        0.1588343651507408,
        0.15412339534726305,
        0.1591385293945822,
        0.15720440570888272,
        0.1631644121039421,
        0.1648352405618416,
        0.1681143212439305,
        0.17207814568479637
    ]
}