{
    "acc": [
        0.9216206621650158,
        0.9478411927999022,
        0.9568500445204882,
        0.9623234457125804,
        0.9665543470037421,
        0.9704069696391199,
        0.9732382398985049,
        0.9759211085310566,
        0.9777746739528955,
        0.979744632807817
    ],
    "loss": [
        0.2501694246296323,
        0.1604917108333457,
        0.13258451347531328,
        0.11512303331216905,
        0.10196872147246562,
        0.0902888930005698,
        0.08131394710327652,
        0.07344947003750389,
        0.0670363174717564,
        0.06129078220109865
    ],
    "val_acc": [
        0.9366666374066239,
        0.9450408616497398,
        0.9471826967811027,
        0.9465419018442605,
        0.9462522274207565,
        0.9468842443447653,
        0.945567542419747,
        0.9459098849202517,
        0.9454183162015782,
        0.9438909419685572
    ],
    "val_loss": [
        0.1942668286028119,
        0.1701973946565837,
        0.16601812227394477,
        0.16907866104375885,
        0.17000816630616342,
        0.17551988732505336,
        0.18300642659953645,
        0.19121243183081327,
        0.19574283626734096,
        0.20367062896841678
    ]
}