{
    "acc": [
        0.9253161536639979,
        0.9553456593992843,
        0.9662953716151335,
        0.9734506579138805,
        0.9784992230752217,
        0.9819124604989786,
        0.9843479930862301,
        0.9864663535683317,
        0.9873276649731422,
        0.9884915993039672
    ],
    "loss": [
        0.23173248374925073,
        0.134593374492568,
        0.09911278965660304,
        0.0756049192159557,
        0.06161547334422768,
        0.051855638154770185,
        0.04562590602437886,
        0.039960629017037334,
        0.037581027969806925,
        0.03424685792452961
    ],
    "val_acc": [
        0.9428990265183768,
        0.9457957707534168,
        0.9496493183873035,
        0.9512732507614926,
        0.9506412338374839,
        0.9494825361434679,
        0.949658096400137,
        0.9501057750546431,
        0.9502286672343115,
        0.9484116185777863
    ],
    "val_loss": [
        0.17422320918258852,
        0.173218979519037,
        0.1656454904933734,
        0.17395317575375824,
        0.19582300119804508,
        0.21949895902599453,
        0.237896135513813,
        0.2460862919283525,
        0.26760125991203026,
        0.28703307646702125
    ]
}