{
    "acc": [
        0.9224266866863372,
        0.9497849631337676,
        0.9610896753205184,
        0.9689054943520087,
        0.9750452479471108,
        0.9796631574060467,
        0.9830502063101352,
        0.9853053290733337,
        0.9872840174357362,
        0.9886341812594933
    ],
    "loss": [
        0.24525046276412177,
        0.1534585746009958,
        0.11766036609441323,
        0.09281041392554165,
        0.07451187079936553,
        0.06029875929912096,
        0.05020387647648373,
        0.04331250476985154,
        0.03781489273461786,
        0.03417573837837059
    ],
    "val_acc": [
        0.938290569780813,
        0.9466209039597616,
        0.9483150604366184,
        0.9483765065264526,
        0.9507816820428191,
        0.9494737581306344,
        0.9490875255659624,
        0.948481842680454,
        0.9504481175551479,
        0.948771517103958
    ],
    "val_loss": [
        0.18633881995006937,
        0.1662955493203331,
        0.16631060939022482,
        0.1680803128054984,
        0.16957624864911972,
        0.17843995838528495,
        0.19376861638534726,
        0.20424404941848784,
        0.20722323398889478,
        0.22058031487945634
    ]
}