{
    "acc": [
        0.9307517269889509,
        0.9563059052208275,
        0.9646251258517871,
        0.9700345106529089,
        0.9737183628099703,
        0.9765787314293604,
        0.9789066000910105,
        0.9804284442271767,
        0.9817175014985654,
        0.982625370276609
    ],
    "loss": [
        0.2151449108193927,
        0.13202403544463476,
        0.10351163884740068,
        0.0868884964570298,
        0.07511726314111422,
        0.06674652682896105,
        0.060836884256078895,
        0.05722106337732446,
        0.053193457491619946,
        0.05086624987228159
    ],
    "val_acc": [
        0.945567542419747,
        0.9509221302481544,
        0.954117326919532,
        0.9542226630735334,
        0.9530639653795174,
        0.9537574283933603,
        0.9528357370458476,
        0.9534853099955232,
        0.9527918469816803,
        0.9537486503805268
    ],
    "val_loss": [
        0.16723478869915137,
        0.15080335407360992,
        0.14822858053671556,
        0.15532689775632355,
        0.16955304323029796,
        0.18879350291406347,
        0.20606172785863297,
        0.20414300338670038,
        0.21894947984079802,
        0.22462512310622337
    ]
}