{
    "acc": [
        0.9248767684541114,
        0.948362053414334,
        0.9569926264760142,
        0.9626027899519785,
        0.9666794699443058,
        0.9704098794759876,
        0.9733255349733168,
        0.9754526249632465,
        0.9779579936100006,
        0.9791626656424045
    ],
    "loss": [
        0.2375086114699331,
        0.15796570532252976,
        0.1305213053927477,
        0.11279506108353109,
        0.09903389775521496,
        0.0880896448840652,
        0.07915680351539715,
        0.07179747006919687,
        0.06578852554074584,
        0.0609251990789311
    ],
    "val_acc": [
        0.939449267474829,
        0.9475250392816075,
        0.949930214797974,
        0.9521334960191712,
        0.9517999315314999,
        0.9476654874869427,
        0.952186164096172,
        0.9504744515936482,
        0.9508343501198199,
        0.9500706630033093
    ],
    "val_loss": [
        0.18387851540151537,
        0.16422813728257915,
        0.1555529343278598,
        0.1503824935728231,
        0.15371100966643117,
        0.16772879371347693,
        0.1597074053619555,
        0.1703671600993179,
        0.17455868301399477,
        0.17957279540593707
    ]
}