{
    "acc": [
        0.9141103758939797,
        0.9297769319854974,
        0.9335829972476422,
        0.9361931199841705,
        0.9375869313470679,
        0.9385820951981889,
        0.9393502918565334,
        0.9395074229925824,
        0.9398216852619051,
        0.9401563163820174
    ],
    "loss": [
        0.2439591779734032,
        0.18597957528375086,
        0.17233047479929187,
        0.1639718931157906,
        0.15917405008482852,
        0.15671577091044517,
        0.15479190785657396,
        0.1533910114615465,
        0.15263233248748118,
        0.15190976160528602
    ],
    "val_acc": [
        0.9274409459186629,
        0.9290912123313524,
        0.9310399311803794,
        0.9314261637450514,
        0.9324268572080653,
        0.9312242694498819,
        0.9329272039395722,
        0.9294247768190237,
        0.9333924386197453,
        0.9320055125920594
    ],
    "val_loss": [
        0.19976683669995962,
        0.19093486850130012,
        0.18632754698602266,
        0.18667502438481307,
        0.18970657676600639,
        0.1911732609174159,
        0.19218652692464536,
        0.19160120200385794,
        0.1938144420203827,
        0.19513094181406246
    ]
}