{
    "acc": [
        0.9238612357504665,
        0.9480186927867406,
        0.9577899214926294,
        0.9641391832686675,
        0.9691528303973089,
        0.9732469694059861,
        0.9759967642639478,
        0.9784730345513906,
        0.9802975016149589,
        0.9821743457234143
    ],
    "loss": [
        0.23867258706484518,
        0.15850589740283516,
        0.12788942991869587,
        0.10689661524488074,
        0.09160808597299368,
        0.07949092909581416,
        0.07025585243539276,
        0.06294234503660723,
        0.0576603033517323,
        0.05295804307233909
    ],
    "val_acc": [
        0.9397301638854996,
        0.9492630858226315,
        0.9496317623616366,
        0.9533536398030213,
        0.9516770393518316,
        0.952361724352841,
        0.9544070013430359,
        0.9530727433923508,
        0.952265166211673,
        0.9503427814011464
    ],
    "val_loss": [
        0.18781255494952367,
        0.15781233943943615,
        0.1588310983790876,
        0.14746826553159045,
        0.15463258778505487,
        0.15696539705609494,
        0.15983625464815737,
        0.16825567402869,
        0.18000632760456942,
        0.19028572133074317
    ]
}