{
    "acc": [
        0.9057824257569264,
        0.9258690224697522,
        0.9301639401504967,
        0.932497628486576,
        0.9339612759051603,
        0.9350757430283129,
        0.9361902101483435,
        0.936981685494692,
        0.9376305788855145,
        0.938122341140288
    ],
    "loss": [
        0.2726043801769434,
        0.19986105400220655,
        0.18451629863753916,
        0.17618652457208722,
        0.16992832095372007,
        0.16594486444166506,
        0.16252479591011704,
        0.16008381763990875,
        0.15779607833874318,
        0.15652074666735474
    ],
    "val_acc": [
        0.9214104511020795,
        0.9278359564961683,
        0.92867864572818,
        0.9277481763678338,
        0.9296793391911939,
        0.9290034322030178,
        0.9281080748940055,
        0.9301182398328667,
        0.9306361425900405,
        0.9317685062455562
    ],
    "val_loss": [
        0.21350887970099738,
        0.1972178069082657,
        0.19344577186680834,
        0.19013494113562782,
        0.19025544383567933,
        0.18942779274930666,
        0.19049409503771003,
        0.19273949253726286,
        0.19587622516943798,
        0.19493239510967852
    ]
}