{
    "acc": [
        0.9173519330053275,
        0.9450768487641927,
        0.9535241021701556,
        0.959396150869168,
        0.9635193882375033,
        0.9670344699152074,
        0.9699210270556535,
        0.9724904120909498,
        0.9744778299608337,
        0.9762877478466541
    ],
    "loss": [
        0.2637535897669834,
        0.16815943779978157,
        0.14047417307988308,
        0.12180241585447765,
        0.1078564632293314,
        0.09691766443179463,
        0.08794715944710216,
        0.080459835775452,
        0.0737435811575921,
        0.06822400771912855
    ],
    "val_acc": [
        0.9381852336268116,
        0.9438031618402226,
        0.9457957707534168,
        0.9453042020347434,
        0.9453393140860772,
        0.9469895804987667,
        0.9450584176754067,
        0.9471914747939362,
        0.945857216843251,
        0.9429253605568771
    ],
    "val_loss": [
        0.19156118285441703,
        0.1719205626709512,
        0.16780496272727102,
        0.1728877112980935,
        0.17709024203555768,
        0.17581066687857083,
        0.1902346435049716,
        0.19742412666227516,
        0.20800527347282805,
        0.22481853851522632
    ]
}