{
    "acc": [
        0.9017959506724631,
        0.9180211952458988,
        0.9249436946795214,
        0.9282667271926394,
        0.930824472886015,
        0.9323754153804519,
        0.9340020136077798,
        0.9350233659816913,
        0.9361349232679761,
        0.9365161117627089
    ],
    "loss": [
        0.2905209175230114,
        0.23248331324687802,
        0.20840259253510962,
        0.19541704146572644,
        0.18662788247102544,
        0.18010417664974615,
        0.1751940117354634,
        0.17141607433154307,
        0.1683627562164716,
        0.16623389522051837
    ],
    "val_acc": [
        0.9115351866644429,
        0.9191281677653813,
        0.9252815547616331,
        0.9284943074586776,
        0.9266772588021523,
        0.9280115167528374,
        0.930802924833876,
        0.9273356097646615,
        0.9298900114991968,
        0.9313734956680507
    ],
    "val_loss": [
        0.25400697071528233,
        0.22197975229825917,
        0.2044373048878915,
        0.21211981691393,
        0.20803301703220123,
        0.1983251162951934,
        0.19587958484564286,
        0.19732613290230475,
        0.1942926585900196,
        0.19502890447390334
    ]
}