{
    "acc": [
        0.6104720113851992,
        0.6570208728652751,
        0.6585626185958254,
        0.6610330309172524,
        0.6750474383301708,
        0.6746916508538899,
        0.6699282453414038,
        0.6774786527514232,
        0.6726755218216319,
        0.6747509487666035,
        0.6775379506641366,
        0.6803249525616698,
        0.6848722054908435,
        0.6848908918406073,
        0.6808586337760911,
        0.6861954459203036,
        0.6859582542694497,
        0.6875,
        0.6878557874762808,
        0.6858396584440227,
        0.688508064516129,
        0.6890826069615189,
        0.6867884250474383,
        0.6890417457305503,
        0.6880151812365589,
        0.6913543643263758,
        0.6946157495256167,
        0.6902870018975332,
        0.6898126185958254,
        0.6943785578747628,
        0.6971062618595826,
        0.693785578747628,
        0.6940820683111955,
        0.6912950664136622,
        0.6914136622390892,
        0.6951906541654564,
        0.693785578747628,
        0.6973434535104365,
        0.6960208741737587,
        0.7011978178368121,
        0.6923031309297912,
        0.6964539848197343,
        0.6928778984280433,
        0.6956831119544592,
        0.695030834914611,
        0.7062974383301708,
        0.6954459203036053,
        0.6985887096774194,
        0.7031546489563567,
        0.7003083491461101
    ],
    "loss": [
        1.1140037756377876,
        0.9969664615290893,
        0.9771328058652227,
        0.9678123815058389,
        0.9383168832400718,
        0.9331566371320548,
        0.9296459553399092,
        0.9173025681126502,
        0.9261674244783861,
        0.9166238302297791,
        0.9145277118207834,
        0.9086172064126555,
        0.8897327721589035,
        0.881601917661684,
        0.8835635867528264,
        0.8820047786554757,
        0.8881656158807382,
        0.8763853571107311,
        0.8692656423635003,
        0.8727409447449661,
        0.8686663217178106,
        0.8679695729647201,
        0.8734544937762183,
        0.8724974911143929,
        0.8560306703338121,
        0.8524063625134373,
        0.8554880176114177,
        0.858791932972604,
        0.8531104264890447,
        0.8381417515410192,
        0.8349647158209015,
        0.8518082751155578,
        0.843555300720955,
        0.8507552180842158,
        0.8451766054759215,
        0.8321482602835818,
        0.841744129130691,
        0.8269091133713948,
        0.8266742863505504,
        0.8243992516251397,
        0.8381225727710597,
        0.8347187905485761,
        0.8344634407349755,
        0.8279011644267493,
        0.8332258801504376,
        0.8102586434224525,
        0.8316702385922536,
        0.822873152580388,
        0.8165907333030646,
        0.8148394745599613
    ],
    "lr": [
        0.0010000000474974513,
        0.0010000000474974513,
        0.0010000000474974513,
        0.0010000000474974513,
        0.0010000000474974513,
        0.0010000000474974513,
        0.0010000000474974513,
        0.0010000000474974513,
        0.0010000000474974513,
        0.0010000000474974513,
        0.0010000000474974513,
        0.0010000000474974513,
        0.0005000000237487257,
        0.0005000000237487257,
        0.0005000000237487257,
        0.0005000000237487257,
        0.0005000000237487257,
        0.0005000000237487257,
        0.0005000000237487257,
        0.0005000000237487257,
        0.0005000000237487257,
        0.0005000000237487257,
        0.0005000000237487257,
        0.0002500000118743628,
        0.0002500000118743628,
        0.0002500000118743628,
        0.0002500000118743628,
        0.0002500000118743628,
        0.0002500000118743628,
        0.0002500000118743628,
        0.0002500000118743628,
        0.0002500000118743628,
        0.0002500000118743628,
        0.0002500000118743628,
        0.0001250000059371814,
        0.0001250000059371814,
        0.0001250000059371814,
        0.0001250000059371814,
        0.0001250000059371814,
        0.0001250000059371814,
        0.0001250000059371814,
        0.0001250000059371814,
        0.0001250000059371814,
        0.0001250000059371814,
        0.0001250000059371814,
        0.0001250000059371814,
        0.0001250000059371814,
        0.0001250000059371814,
        6.25000029685907e-05,
        6.25000029685907e-05
    ],
    "val_acc": [
        0.6368002846299811,
        0.6001838235294118,
        0.6421667457305503,
        0.6490156546489564,
        0.6539966793168881,
        0.6787832068311196,
        0.6677834440227703,
        0.6770339184060721,
        0.24472248576850095,
        0.6300106736242884,
        0.6687322106261859,
        0.38380574003795065,
        0.6771821631878557,
        0.6624762808349146,
        0.6727051707779886,
        0.675254981024668,
        0.6768856736242884,
        0.6733574478178368,
        0.675254981024668,
        0.6788128557874763,
        0.672764468690702,
        0.6800581119544592,
        0.672764468690702,
        0.6818963472485768,
        0.6738318311195446,
        0.6708076375711575,
        0.6806807400379506,
        0.6835863377609108,
        0.6834380929791272,
        0.6778937381404174,
        0.6738614800759013,
        0.676944971537002,
        0.6842089658444023,
        0.679405834914611,
        0.680532495256167,
        0.6836159867172675,
        0.6761148007590133,
        0.6857803605313093,
        0.6859879032258065,
        0.6813923149905123,
        0.6829637096774194,
        0.6887749051233396,
        0.686373339658444,
        0.6789018026565465,
        0.6791389943074004,
        0.6726162239089184,
        0.6878557874762808,
        0.6830526565464896,
        0.686818074003795,
        0.6856617647058824
    ],
    "val_loss": [
        1.0411541590456492,
        1.3659710660294067,
        1.0298608492854877,
        1.0873534729389696,
        0.9951601645836794,
        0.9194466093346562,
        0.9455630282466733,
        0.9636930949858742,
        3.3367338957551307,
        1.1367401875541379,
        0.9418447606152444,
        2.0037369963905616,
        0.9152109136900368,
        0.9765482474493121,
        0.9530424270955616,
        0.9122147568460887,
        0.909000127645213,
        0.9423228455336315,
        0.9224371693929413,
        0.9102427969479923,
        0.9285064265414705,
        0.9158756665291664,
        0.934350179455312,
        0.8996952933593312,
        0.9480897697851599,
        0.9302724105654111,
        0.9115209294309878,
        0.8911138706587863,
        0.8941362936692966,
        0.9198370103846238,
        0.9315521424562022,
        0.9236012529334375,
        0.8910789467973999,
        0.903602779759854,
        0.8993374998884477,
        0.8956002020886772,
        0.9316893635243461,
        0.8898700007027195,
        0.8914885787501846,
        0.8990477453811232,
        0.901101218575375,
        0.8816569134861627,
        0.8935799173006975,
        0.9019993235281115,
        0.919844513119285,
        0.9489607935598159,
        0.8825837248685351,
        0.8920001252792931,
        0.8866179162385455,
        0.8890757007096705
    ]
}